insert into Customer values ('bbb@email.com', '222', 2,'10-feb-2012','Mr','Joffrey', 'Tyrion ', 'John','MS', 'crockett','California', 'Adelanto', 'USA', '57441');
insert into Customer values ('ccc@email.com', '666', 3,'13-mar-2012','Mrs','Margaery', 'John ', 'Baratheon','MBA', 'Drag','Indianapolis', 'Calimesa', 'Brazil', '57441');
insert into Customer values ('fff@email.com', '777', 3,'06-apr-2012','Mrs','Tyrion', 'Jack ', 'Lannister','MBBS', 'South Congress','North Carolina', 'Danville', 'Argentina', '57441');
insert into Customer values ('ggg@email.com', '888', 4,'09-apr-2012','Mr','Tywin', 'Dixon ', 'Lannister','MBBS', 'Nichole','Colarado', 'Exeter', 'Italy', '92763');
insert into Customer values ('hhh@email.com', '999', 2,'11-june-2012','Dr','Cersi', 'Vick ', 'Baratheon','MLA', 'Jody','washington', 'Fairfield', 'Australia', '91763');
insert into Customer values ('iii@email.com', '123', 3,'30-june-2012','Dr','Jame', 'Roy ', 'Peterson','MLA', 'Glendale','Lousiana', 'Galt', 'USA', '96263');
insert into Customer values ('jjj@email.com', '652', 5,'12-july-2012','Mr','Daenerys', 'Shampa ', 'Targaryen','MS', 'Donald','Arkansus', 'Hayward', 'India', '94541');
insert into Customer values ('kkk@email.com', '428', 3,'20-july-2012','Mrs','Catelyn', 'Stark ', 'Izzard','MBA', 'Grand','Arkansus', 'Gardena', 'Russia', '94441');
insert into Customer values ('mmm@email.com', '785', 1,'25-july-2012','Dr','Leonard', 'Brown ', 'Stark','1V', 'MableL Street','Atlanta', 'Sacramento', 'Japan', '94502');
insert into Customer values ('nnn@email.com', '269', 3,'30-aug-2012','Mrs','lillie', 'Alma', 'Bluesummeres','BA', 'Gower','Newyork', 'Redding', 'Iceland', '96001');
insert into Customer values ('qqq@email.com', '125', 2,'2-sep-2012','Mr','Robb', 'Eddard', 'Stark','MBBS', 'Nettie','Connecticut', 'Oakdale', 'Maldives', '96520');
insert into Customer values ('sss@email.com', '908', 4,'15-sep-2012','Mr','Steve', 'Bruce', 'Jones','MD', 'Pomona','Mississipi', 'Norwalk', 'India', '56028');
insert into Customer values ('rrr@email.com', '107', 1,'15-oct-2012','Mrs','Teena', 'Jean', 'Martin','BTECH', 'Eleanor','penny', 'Maricopa', 'USA', '93498');
insert into Customer values ('www@email.com', '897', 4,'25-oct-2012','Dr','Jenny', 'Mary', 'Coleman','BA', 'Eleanor','penny', 'Maricopa', 'Finaland', '93444');
insert into Customer values ('zzz@email.com', '267', 3,'30-oct-2012','Dr','Christopher', 'Flynn', 'Smith','MS', 'Glendorks','Indianapolis', 'Albany', 'Portugal', '96452');
insert into Customer values ('ooo@email.com', '890', 5,'1-oct-2012','Mr','Sung', 'Kim', 'Lee','PG', 'Abbey Court','Albemarle', 'Punjab', 'India', '21150');
insert into Customer values ('ppp@email.com', '578', 4,'10-oct-2012','Mrs','Frances', 'Ava', 'Roddy','BA', 'Adams','Boone', 'Bihar', 'Europe', '21150');
insert into Customer values ('uuu@email.com', '127', 3,'15-oct-2012','Dr','Nikolai', 'Sasha', 'Kabinav','MBA', 'Allen','Belmont', 'Orissa', 'Australia', '21150');
insert into Customer values ('vvv@email.com', '468', 2,'17-oct-2012','Mr','Bevrely', 'Sue', 'Hue','IV', 'Barlett','Claylon', 'Kerala', 'Paris', '28802');
insert into Customer values ('xxx@email.com', '123', 3,'20-oct-2012','Dr','Tarry', 'Faye', 'Tanaka','III', 'Cadman','Butner', 'TamilNadu', 'France', '28002');
insert into Customer values ('yyy@email.com', '538', 5,'24-oct-2012','Mrs','Sudha', 'Fatma', 'Gattu','MBA', 'Calder','Clemmons', 'Assam', 'Italy', '28222');
insert into Customer values ('abc@email.com', '482', 4,'30-oct-2012','Dr','joseph', 'Joe', 'Wooman','MDS', 'Calyer','Apex', 'Manipur', 'Germany', '25503');
insert into Customer values ('def@email.com', '583', 2,'05-nov-2012','Dr','sravanthi', 'Fischer', 'Bandaru','MDS', 'Canda','Claylon', 'kashmir', 'Newzeland', '27503');
insert into Customer values ('fgh@email.com', '252', 3,'10-nov-2012','Mr','Ravi', 'Kiran', 'Dadi','BSC', 'Aberdeen','hyderabad', 'Delhi', 'India', '27553');
insert into Customer values ('ijk@email.com', '278', 4,'15-nov-2012','Dr','Srinivas', 'Venkata', 'Burugu','MS', 'Erving','Bangalore', 'Himachal Pradesh', 'India', '21357');
insert into Customer values ('klm@email.com', '267', 5,'20-nov-2012','Mr','Raghu', 'Kumar', 'Aalla','BSC', 'Chaitanyapuri','Mysore', 'Darzling', 'Paris', '22357');
insert into Customer values ('eee@email.com', '555', 1, '02-jan-2012','Mr','Eddard', 'Ned', 'Stark',NULL, 'Varsity Drive', 'Texas', 'Tyler', 'USA', '23357');
insert into Customer values('aaa@email.com','111',1,'03-feb-2012','Ms','Aarya', Null, 'Stark', NULL, 'Varsity Drive', 'Texas', 'Tyler', 'USA', '75701');
insert into Customer values('ddd@email.com','444',1,'20-jan-2012','Mrs','Daenerys',NULL,'Targaryen',NULL, 'Patriots Drive','Texas', 'Tyler', 'USA', '75701');
insert into Customer values('ttt@email.com','2020',1, '01-jan-2012','Mr','Tyrion',NULL,'Lannister',NULL, 'Castle Rock','Colorado','Douglas','USA', '75701');
insert into Customer values('lll@email.com','2020',1, '01-jan-2012','Mr','Tywin',NULL,'Lannister','III', 'Castle Rock','Colorado','Douglas','USA', '80109');

insert into GoldCustomer ( Email, GUDate, Discount ) values ('sss@email.com','15-dec-2012',25);
insert into GoldCustomer ( Email, GUDate, Discount )  values ('rrr@email.com','25-dec-2012',25);
insert into GoldCustomer ( Email, GUDate, Discount )  values ('www@email.com','25-dec-2012',25);
insert into GoldCustomer ( Email, GUDate, Discount )  values ('zzz@email.com','30-dec-2012',25);
insert into GoldCustomer ( Email, GUDate, Discount )  values ('ooo@email.com','1-jan-2013',25);
insert into GoldCustomer ( Email, GUDate, Discount )  values ('ppp@email.com','15-mar-2013',25);
insert into GoldCustomer ( Email, GUDate, Discount )  values ('uuu@email.com','19-feb-2013',25);
insert into GoldCustomer ( Email, GUDate, Discount )  values ('vvv@email.com', '19-jan-2013',25);
insert into GoldCustomer ( Email, GUDate, Discount )  values ('xxx@email.com', '25-apr-2013',25);
insert into GoldCustomer ( Email, GUDate, Discount )  values ('yyy@email.com', '02-may-2013',25);
insert into GoldCustomer ( Email, GUDate, Discount )  values ('abc@email.com','05-mar-2013',25);
insert into GoldCustomer ( Email, GUDate, Discount )  values ('def@email.com','15-mar-2013',25);
insert into GoldCustomer ( Email, GUDate, Discount )  values ('fgh@email.com','16-feb-2013',25);
insert into GoldCustomer ( Email, GUDate, Discount )  values ('ijk@email.com', '13-feb-2013',25);
insert into GoldCustomer ( Email, GUDate, Discount )  values ('klm@email.com','29-jan-2013',25);
insert into GoldCustomer ( Email, GUDate, Discount )  values ('eee@email.com', '22-apr-2012',25);
insert into GoldCustomer ( Email, GUDate, Discount )  values('aaa@email.com','03-may-2012',25);
insert into GoldCustomer ( Email, GUDate, Discount )  values('ddd@email.com','03-may-2012',25);
insert into GoldCustomer ( Email, GUDate, Discount )  values('ttt@email.com', '01-mar-2012',25);
insert into GoldCustomer ( Email, GUDate, Discount )  values('lll@email.com', '01-mar-2012',25);

insert into PlatinumCustomer ( Email , PUDate, URL, URLViews ) values ('yyy@email.com','24-jun-2013','www.yankee.com', 10);
insert into PlatinumCustomer ( Email , PUDate, URL, URLViews )  values ('abc@email.com', '30-oct-2013','www.atoz.com', 50);
insert into PlatinumCustomer ( Email , PUDate, URL, URLViews )  values ('def@email.com','05-nov-2013','www.danny.com', 100);
insert into PlatinumCustomer ( Email , PUDate, URL, URLViews )  values ('fgh@email.com','10-nov-2013','www.ffgh.com',45);
insert into PlatinumCustomer ( Email , PUDate, URL, URLViews )  values ('ijk@email.com','15-nov-2013','www.srinivasvenkata.com', '357');
insert into PlatinumCustomer ( Email , PUDate, URL, URLViews )  values ('klm@email.com','20-nov-2013','www.raghukumar.com', '227');
insert into PlatinumCustomer ( Email , PUDate, URL, URLViews )  values ('eee@email.com',  '02-jan-2013','www.eddardstark.com','51');
insert into PlatinumCustomer ( Email , PUDate, URL, URLViews )  values ('aaa@email.com','03-feb-2013','www.aaryastark.com','757');
insert into PlatinumCustomer ( Email , PUDate, URL, URLViews )  values ('ddd@email.com','20-jan-2013','www.daenerys.com','701');
insert into PlatinumCustomer ( Email , PUDate, URL, URLViews )  values ('ttt@email.com', '01-jan-2013','www.tyrionlannister.com','809');
insert into PlatinumCustomer ( Email , PUDate, URL, URLViews )  values ('lll@email.com', '01-jan-2013','www.tywinlannister.com','80');

insert into Item ( ItemNumber ,Email , ExpectedPrice , Weight , Description , Deadline , Filename) values (10,'aaa@email.com',100,25,'item1','03-mar-2012','file10');
insert into Item ( ItemNumber ,Email , ExpectedPrice , Weight , Description , Deadline , Filename)  values(20,'aaa@email.com',101,25,'item2','20-feb-2012','file20');
insert into Item ( ItemNumber ,Email , ExpectedPrice , Weight , Description , Deadline , Filename)  values(30,'aaa@email.com',102,25,'item3','02-feb-2012','file30');
insert into Item ( ItemNumber ,Email , ExpectedPrice , Weight , Description , Deadline , Filename)  values(40,'ttt@email.com',103,25,'item4','01-feb-2012','file40');
insert into Item ( ItemNumber ,Email , ExpectedPrice , Weight , Description , Deadline , Filename)  values(50,'lll@email.com',104,25,'item5','01-feb-2012','file50');
insert into Item ( ItemNumber ,Email , ExpectedPrice , Weight , Description , Deadline , Filename)  values(60,'www@email.com',105,25,'item6','25-nov-2012','file60');
insert into Item ( ItemNumber ,Email , ExpectedPrice , Weight , Description , Deadline , Filename)  values(71,'bbb@email.com',106,25,'item7','10-mar-2012','file70');
insert into Item ( ItemNumber ,Email , ExpectedPrice , Weight , Description , Deadline , Filename)  values(72,'bbb@email.com',107,25,'item14','10-mar-2012','file70');
insert into Item ( ItemNumber ,Email , ExpectedPrice , Weight , Description , Deadline , Filename)  values(73,'bbb@email.com',108,25,'item15','10-mar-2012','file70');
insert into Item ( ItemNumber ,Email , ExpectedPrice , Weight , Description , Deadline , Filename)  values(80,'ccc@email.com',106,25,'item8','13-apr-2012','file80');
insert into Item ( ItemNumber ,Email , ExpectedPrice , Weight , Description , Deadline , Filename)  values(90,'fff@email.com',108,25,'item9','06-may-2012','file90');
insert into Item ( ItemNumber ,Email , ExpectedPrice , Weight , Description , Deadline , Filename)  values(11,'ggg@email.com',107,25,'item10','09-may-2012','file11');
insert into Item ( ItemNumber ,Email , ExpectedPrice , Weight , Description , Deadline , Filename)  values(200,'mmm@email.com',106,25,'item 11','25-aug-2012','file20 ');
insert into Item ( ItemNumber ,Email , ExpectedPrice , Weight , Description , Deadline , Filename)  values(201,'nnn@email.com',107,25,'item12','30-sep-2012','file 1');
insert into Item ( ItemNumber ,Email , ExpectedPrice , Weight , Description , Deadline , Filename)  values(202,'ppp@email.com',110,25,'item 13','10-nov-2012','file 2');
insert into Item ( ItemNumber ,Email , ExpectedPrice , Weight , Description , Deadline , Filename)  values(203,'ppp@email.com',104,25,'item 16','10-nov-2012','file 2');
insert into Item ( ItemNumber ,Email , ExpectedPrice , Weight , Description , Deadline , Filename)  values(204,'ppp@email.com',101,25,'item 17','10-nov-2012','file 2');
insert into Item ( ItemNumber ,Email , ExpectedPrice , Weight , Description , Deadline , Filename)  values(205,'ppp@email.com',100,25,'item 18','10-nov-2012','file 2');
insert into Item ( ItemNumber ,Email , ExpectedPrice , Weight , Description , Deadline , Filename)  values(206,'ppp@email.com',102,25,'item 19','10-nov-2012','file 2');
insert into Item ( ItemNumber ,Email , ExpectedPrice , Weight , Description , Deadline , Filename)  values(13,'ggg@email.com',102,25,'item20','09-may-2012','file11');
insert into Item ( ItemNumber ,Email , ExpectedPrice , Weight , Description , Deadline , Filename)  values(12,'ggg@email.com',102,25,'item21','09-may-2012','file11');
insert into Item ( ItemNumber ,Email , ExpectedPrice , Weight , Description , Deadline , Filename)  values(30,'ppp@email.com',102,25,'item3','02-feb-2012','file30');
insert into Item ( ItemNumber ,Email , ExpectedPrice , Weight , Description , Deadline , Filename)  values(30,'ttt@email.com',102,25,'item3','02-feb-2012','file30');

insert into keywords (ItemNumber, Email, keyword) values(10,'aaa@email.com','keyword1');
insert into keywords (ItemNumber, Email, keyword)  values(10,'aaa@email.com','keyword2');
insert into keywords (ItemNumber, Email, keyword)  values(30,'aaa@email.com','keyword3');
insert into keywords (ItemNumber, Email, keyword)  values(40,'ttt@email.com','keyword4');
insert into keywords  (ItemNumber, Email, keyword) values(40,'ttt@email.com','keyword5');
insert into keywords (ItemNumber, Email, keyword)  values(40,'ttt@email.com','keyword6');
insert into keywords (ItemNumber, Email, keyword)  values(71,'bbb@email.com','keyword7');
insert into keywords (ItemNumber, Email, keyword)  values(71,'bbb@email.com','keyword8');
insert into keywords (ItemNumber, Email, keyword)  values(71,'bbb@email.com','keyword9');
insert into keywords (ItemNumber, Email, keyword)  values(11,'ggg@email.com','keyword10');
insert into keywords (ItemNumber, Email, keyword)  values(11,'ggg@email.com','keywor11');
insert into keywords (ItemNumber, Email, keyword)  values(201,'nnn@email.com','keywor12');
insert into keywords (ItemNumber, Email, keyword)  values(202,'ppp@email.com','keywor13');

insert into Transaction (IDNumber , Type , Amount , tdate , Email) values(400,' pability',10,'02-feb-2012','aaa@email.com');
insert into Transaction (IDNumber , Type , Amount , tdate , Email)  values(401,'pability',10,'10-feb-2012','ddd@email.com');
insert into Transaction (IDNumber , Type , Amount , tdate , Email)  values(402,'pability',10,'30-march-2012','eee@email.com');
insert into Transaction (IDNumber , Type , Amount , tdate , Email)  values(403,'pability',10,'02-april-2012','ttt@email.com');
insert into Transaction (IDNumber , Type , Amount , tdate , Email)  values(404,'pability',10,'15-april-2012','lll@email.com');
insert into Transaction (IDNumber , Type , Amount , tdate , Email)  values(405,'pability',10,'05-may-2012','www@email.com');
insert into Transaction (IDNumber , Type , Amount , tdate , Email)  values(406,'pability',10,'20-june-2012','bbb@email.com');
insert into Transaction (IDNumber , Type , Amount , tdate , Email)  values(407,'pability',10,'10-june-2012','ccc@email.com');
insert into Transaction (IDNumber , Type , Amount , tdate , Email)  values(408,'pability',10,'17-july-2012','fff@email.com');
insert into Transaction (IDNumber , Type , Amount , tdate , Email)  values(409,'pability',10,'22-july-2012','hhh@email.com');
insert into Transaction (IDNumber , Type , Amount , tdate , Email)  values(410,'pability',10,'22-july-2012','iii@email.com');
insert into Transaction (IDNumber , Type , Amount , tdate , Email)  values(411,'pability',10,'22-july-2012','jjj@email.com');
insert into Transaction (IDNumber , Type , Amount , tdate , Email)  values(412,'pability',10,'22-july-2012','kkk@email.com');
insert into Transaction (IDNumber , Type , Amount , tdate , Email)  values(460,'initiate',1,'26-aug-2012','mmm@email.com');
insert into Transaction (IDNumber , Type , Amount , tdate , Email)  values(461,'accept',1,'26-aug-2012','iii@email.com');
insert into Transaction (IDNumber , Type , Amount , tdate , Email)  values(462,'sold',144,'26-aug-2012','mmm@email.com');
insert into Transaction (IDNumber , Type , Amount , tdate , Email)  values(463,'bought',144,'26-aug-2012','iii@email.com');
insert into Transaction (IDNumber , Type , Amount , tdate , Email)  values(464,'initiate',1,'11-nov-2012','ppp@email.com');
insert into Transaction (IDNumber , Type , Amount , tdate , Email)  values(465,'accept',1,'11-nov-2012','ggg@email.com');
insert into Transaction (IDNumber , Type , Amount , tdate , Email)  values(466,'sold',199,'11-nov-2012','ppp@email.com');
insert into Transaction (IDNumber , Type , Amount , tdate , Email)  values(467,'bought',199,'11-nov-2012','ggg@email.com');
insert into Transaction (IDNumber , Type , Amount , tdate , Email)  values(468,'initiate',1,'10-mar-2012','bbb@email.com');
insert into Transaction (IDNumber , Type , Amount , tdate , Email)  values(469,'accept',1,'10-mar-2012','ggg@email.com');
insert into Transaction (IDNumber , Type , Amount , tdate , Email)  values(470,'sold',110,'10-mar-2012','bbb@email.com');
insert into Transaction (IDNumber , Type , Amount , tdate , Email)  values(471,'bought',110,'10-mar-2012','ggg@email.com');
insert into Transaction (IDNumber , Type , Amount , tdate , Email)  values(472,'sold',110,'11-nov-2012','ppp@email.com');
insert into Transaction (IDNumber , Type , Amount , tdate , Email)  values(473,'bought',110,'11-nov-2012','ggg@email.com');
insert into Transaction (IDNumber , Type , Amount , tdate , Email)  values(474,'initiate',1,'11-nov-2012','ppp@email.com');
insert into Transaction (IDNumber , Type , Amount , tdate , Email)  values(475,'accept',1,'11-nov-2012','iii@email.com');
insert into Transaction (IDNumber , Type , Amount , tdate , Email)  values(476,'sold',150,'11-nov-2012','ppp@email.com');
insert into Transaction (IDNumber , Type , Amount , tdate , Email)  values(477,'bought',150,'11-nov-2012','iii@email.com');
insert into Transaction (IDNumber , Type , Amount , tdate , Email)  values(478,'initiate',1,'10-may-2012','ggg@email.com');
insert into Transaction (IDNumber , Type , Amount , tdate , Email)  values(479,'accept',1,'10-may-2012','iii@email.com');
insert into Transaction (IDNumber , Type , Amount , tdate , Email)  values(480,'sold',140,'10-may-2012','ggg@email.com');
insert into Transaction (IDNumber , Type , Amount , tdate , Email)  values(481,'bought',140,'10-may-2012','iii@email.com');
insert into Transaction (IDNumber , Type , Amount , tdate , Email)  values(430,'initiate',1,'09-nov-2012','ppp@email.com');
insert into Transaction (IDNumber , Type , Amount , tdate , Email)  values(431,'accept',1,'09-nov-2012','abc@email.com');
insert into Transaction (IDNumber , Type , Amount , tdate , Email)  values(432,'sold',130,'09-nov-2012','abc@email.com');
insert into Transaction (IDNumber , Type , Amount , tdate , Email)  values(433,'bought',130,'09-nov-2012','ppp@email.com');
insert into Transaction (IDNumber , Type , Amount , tdate , Email)  values(434,'initiate',1,'06-may-2012','fff@email.com');
insert into Transaction (IDNumber , Type , Amount , tdate , Email)  values(435,'accept',1,'06-may-2012','def@email.com');
insert into Transaction (IDNumber , Type , Amount , tdate , Email)  values(436,'sold',120,'06-may-2012','def@email.com');
insert into Transaction (IDNumber , Type , Amount , tdate , Email)  values(437,'bought',120,'06-may-2012','fff@email.com');
insert into Transaction (IDNumber , Type , Amount , tdate , Email)  values(438,'initiate',1,'02-feb-2012','lll@email.com');
insert into Transaction (IDNumber , Type , Amount , tdate , Email)  values(439,'accept',1,'02-feb-2012','fgh@email.com');
insert into Transaction (IDNumber , Type , Amount , tdate , Email)  values(440,'sold',110,'02-feb-2012','fgh@email.com');
insert into Transaction (IDNumber , Type , Amount , tdate , Email)  values(441,'bought',110,'02-feb-2012','lll@email.com');
insert into Transaction (IDNumber , Type , Amount , tdate , Email)  values(442,'initiate',1,'12-apr-2012','ccc@email.com');
insert into Transaction (IDNumber , Type , Amount , tdate , Email)  values(443,'accept',1,'12-apr-2012','klm@email.com');
insert into Transaction (IDNumber , Type , Amount , tdate , Email)  values(444,'sold',140,'12-apr-2012','klm@email.com');
insert into Transaction (IDNumber , Type , Amount , tdate , Email)  values(445,'bought',140,'12-apr-2012','ccc@email.com');
insert into Transaction (IDNumber , Type , Amount , tdate , Email)  values(446,'initiate',1,'09-may-2012','ggg@email.com');
insert into Transaction (IDNumber , Type , Amount , tdate , Email)  values(447,'accept',1,'09-may-2012','ttt@email.com');
insert into Transaction (IDNumber , Type , Amount , tdate , Email)  values(448,'sold',132,'09-may-2012','ttt@email.com');
insert into Transaction (IDNumber , Type , Amount , tdate , Email)  values(449,'bought',132,'09-may-2012','ggg@email.com');

insert into Thread (ThreadID , Title) values ( 100, 'Thread 0' );
insert into Thread (ThreadID , Title) values ( 101, 'Thread 1' );
insert into Thread (ThreadID , Title) values ( 102, 'Thread 2' );
insert into Thread (ThreadID , Title) values ( 103, 'Thread 3' );
insert into Thread (ThreadID , Title) values ( 104, 'Thread 4' );
insert into Thread (ThreadID , Title) values ( 105, 'Thread 5' );
insert into Thread (ThreadID , Title) values ( 106, 'Thread 6' );
insert into Thread (ThreadID , Title) values ( 107, 'Thread 7' );
insert into Thread (ThreadID , Title) values ( 108, 'Thread 8');
insert into Thread (ThreadID , Title) values ( 109, 'Thread 9');
insert into Thread (ThreadID , Title) values ( 110, 'Thread 10');
insert into Thread (ThreadID , Title) values ( 112, 'Thread 12');
insert into Thread (ThreadID , Title) values ( 113, 'Thread 13');
insert into Thread (ThreadID , Title) values ( 114, 'Thread 14');
insert into Thread (ThreadID , Title) values ( 115, 'Thread 15');
insert into Thread (ThreadID , Title) values ( 116, 'Thread 16');
insert into Thread (ThreadID , Title) values ( 117, 'Thread 17');

insert into Moderator (ThreadID, Email ) values (100, 'aaa@email.com');
insert into Moderator (ThreadID, Email ) values (101, 'eee@email.com');
insert into Moderator (ThreadID, Email ) values (102, 'ddd@email.com');
insert into Moderator (ThreadID, Email ) values (103, 'ttt@email.com');
insert into Moderator (ThreadID, Email ) values (104, 'lll@email.com');
insert into Moderator (ThreadID, Email ) values (105, 'eee@email.com');
insert into Moderator (ThreadID, Email ) values (106, 'def@email.com');
insert into Moderator (ThreadID, Email ) values (107, 'fgh@email.com');
insert into Moderator (ThreadID, Email ) values (108, 'fgh@email.com');
insert into Moderator (ThreadID, Email ) values (109, 'ijk@email.com');
insert into Moderator (ThreadID, Email ) values (110, 'ijk@email.com');
insert into Moderator (ThreadID, Email ) values (112, 'aaa@email.com');
insert into Moderator (ThreadID, Email ) values (113, 'yyy@email.com');
insert into Moderator (ThreadID, Email ) values (114, 'yyy@email.com');
insert into Moderator (ThreadID, Email ) values (115, 'klm@email.com');
insert into Moderator (ThreadID, Email ) values (116, 'aaa@email.com');
insert into Moderator (ThreadID, Email ) values (117, 'ijk@email.com');

insert into Message (ThreadID, MessageID, createTime, Text, Email) values( 100,300,'02-feb-2013 3:00:00pm', 'Winter is coming' ,'eee@email.com' );
insert into Message (ThreadID, MessageID, createTime, Text, Email) values ( 101, 301,'02-feb-2013 3:00:00pm', 'Winter is coming' ,'eee@email.com');
insert into Message (ThreadID, MessageID, createTime, Text, Email) values ( 102,302,'20-jan-2013 4:00:00am', 'Valar Morghulis','ddd@email.com');
insert into Message (ThreadID, MessageID, createTime, Text, Email) values ( 103,303,'01-jan-2013 6:00:00pm', 'A Lannister always pays his debts','ttt@email.com');
insert into Message (ThreadID, MessageID, createTime, Text, Email) values ( 104,304,'01-jan-2013 6:00:00pm', 'The Lannisters send their regards','lll@email.com');
insert into Message (ThreadID, MessageID, createTime, Text, Email) values( 105,305,'02-mar-2013 8:00:00pm', 'message 5' ,'eee@email.com' );
insert into Message (ThreadID, MessageID, createTime, Text, Email) values( 106,306, '05-nov-2013 8:00:00pm', 'message 6' ,'def@email.com' );
insert into Message (ThreadID, MessageID, createTime, Text, Email) values( 107,307,'10-nov-2013 8:00:00pm', 'message 7' ,'fgh@email.com');
insert into Message (ThreadID, MessageID, createTime, Text, Email) values( 108,308,'20-dec-2013 8:00:00pm', 'message 8' ,'fgh@email.com');
insert into Message (ThreadID, MessageID, createTime, Text, Email) values( 109,309, '15-nov-2013 6:00:00pm','message 9' ,'ijk@email.com' );
insert into Message (ThreadID, MessageID, createTime, Text, Email) values( 110,310, '15-nov-2013 8:00:00pm','message 9' ,'ijk@email.com' );
insert into Message (ThreadID, MessageID, createTime, Text, Email) values( 112,312, '03-feb-2013 6:00:00pm', 'I will use this needle','aaa@email.com'  );
insert into Message (ThreadID, MessageID, createTime, Text, Email) values( 113,313, '24-jun-2013 4:00:00am','message 13', 'yyy@email.com' );
insert into Message (ThreadID, MessageID, createTime, Text, Email) values( 114,314, '24-jun-2013 5:00:00am','message 14', 'yyy@email.com');
insert into Message (ThreadID, MessageID, createTime, Text, Email) values( 115,315, '20-nov-2013 5:00:00am','message 15', 'klm@email.com');
insert into Message (ThreadID, MessageID, createTime, Text, Email) values( 116,316,'03-feb-2013 6:00:00pm','message 16','aaa@email.com' );
insert into Message (ThreadID, MessageID, createTime, Text, Email) values( 117,317,'15-nov-2013 6:00:00pm','message 16','ijk@email.com');

insert into trade (BEmail ,SEmail ,ItemNumber ,IEmail) values('iii@email.com','mmm@email.com', 200,'mmm@email.com');
insert into trade (BEmail ,SEmail ,ItemNumber ,IEmail) values('ggg@email.com','ppp@email.com', 202,'ppp@email.com');
insert into trade (BEmail ,SEmail ,ItemNumber ,IEmail) values('ggg@email.com','bbb@email.com', 73,'bbb@email.com');
insert into trade (BEmail ,SEmail ,ItemNumber ,IEmail) values('ggg@email.com','ppp@email.com', 205,'ppp@email.com');
insert into trade (BEmail ,SEmail ,ItemNumber ,IEmail) values('iii@email.com','ppp@email.com', 206,'ppp@email.com');
insert into trade (BEmail ,SEmail ,ItemNumber ,IEmail) values('iii@email.com','ggg@email.com', 13,'ggg@email.com');
insert into trade (BEmail ,SEmail ,ItemNumber ,IEmail) values('abc@email.com','ppp@email.com', 203,'ppp@email.com');
insert into trade (BEmail ,SEmail ,ItemNumber ,IEmail) values('def@email.com','fff@email.com', 90,'fff@email.com');
insert into trade (BEmail ,SEmail ,ItemNumber ,IEmail) values('fgh@email.com','lll@email.com', 50,'lll@email.com');
insert into trade (BEmail ,SEmail ,ItemNumber ,IEmail) values('klm@email.com','ccc@email.com', 80,'ccc@email.com');
insert into trade (BEmail ,SEmail ,ItemNumber ,IEmail) values('ttt@email.com','ggg@email.com', 11,'ggg@email.com');

insert into Bid (BEmail , ItemNumber , IEmail , BidAmount , BidTime) values('ggg@email.com',200,'mmm@email.com',122,'20-aug-2012 02:33:2pm');
insert into Bid (BEmail , ItemNumber , IEmail , BidAmount , BidTime)  values('hhh@email.com',200,'mmm@email.com',133,'12-aug-2012 03:44:3pm');
insert into Bid (BEmail , ItemNumber , IEmail , BidAmount , BidTime)  values('iii@email.com',200,'mmm@email.com',144,'10-aug-2012 04:55:4pm');
insert into Bid (BEmail , ItemNumber , IEmail , BidAmount , BidTime)  values('jjj@email.com',201,'nnn@email.com',155,'10-sep-2012 05:23:5pm');
insert into Bid (BEmail , ItemNumber , IEmail , BidAmount , BidTime)  values('kkk@email.com', 201,'nnn@email.com',166,'16-sep-2012 06:35:6pm');
insert into Bid (BEmail , ItemNumber , IEmail , BidAmount , BidTime)  values('lll@email.com',202,'ppp@email.com',177,'09-nov-2012 07:12:7pm');
insert into Bid (BEmail , ItemNumber , IEmail , BidAmount , BidTime)  values('www@email.com',202,'ppp@email.com',188,'08-nov-2012 08:53:8pm');
insert into Bid (BEmail , ItemNumber , IEmail , BidAmount , BidTime)  values('ggg@email.com',202,'ppp@email.com',199,'07-nov-2012 09:22:9pm');
insert into Bid (BEmail , ItemNumber , IEmail , BidAmount , BidTime)  values('hhh@email.com',204,'ppp@email.com',110,'01-nov-2012 06:31:10pm');
insert into Bid (BEmail , ItemNumber , IEmail , BidAmount , BidTime)  values('jjj@email.com',204,'ppp@email.com',114,'02-nov-2012 04:54:11pm');
insert into Bid (BEmail , ItemNumber , IEmail , BidAmount , BidTime)  values('ggg@email.com',73,'bbb@email.com',110,'09-mar-2012 04:54:11pm');
insert into Bid (BEmail , ItemNumber , IEmail , BidAmount , BidTime)  values('ggg@email.com',205,'ppp@email.com',110,'10-nov-2012 06:31:10pm');
insert into Bid (BEmail , ItemNumber , IEmail , BidAmount , BidTime)  values('iii@email.com',206,'ppp@email.com',150,'10-nov-2012 07:12:0 pm');
insert into Bid (BEmail , ItemNumber , IEmail , BidAmount , BidTime)  values('iii@email.com',13,'ggg@email.com',140, '09-may-2012 05:00:00 pm');
insert into Bid (BEmail , ItemNumber , IEmail , BidAmount , BidTime)  values('abc@email.com',203,'ppp@email.com',130,'08-nov-2012 08:12:00pm');
insert into Bid (BEmail , ItemNumber , IEmail , BidAmount , BidTime)  values('def@email.com',90,'fff@email.com' ,120, '05-may-2012 08:53:8pm');
insert into Bid (BEmail , ItemNumber , IEmail , BidAmount , BidTime)  values('fgh@email.com',50,'lll@email.com',110,'01-feb-2012 02:23:10 pm');
insert into Bid (BEmail , ItemNumber , IEmail , BidAmount , BidTime)  values('klm@email.com',80,'ccc@email.com',140,'11-apr-2012 02:00:00am');
insert into Bid (BEmail , ItemNumber , IEmail , BidAmount , BidTime)  values('ttt@email.com',11,'ggg@email.com',132,'08-may-2012 03:21:20 pm');
insert into Bid (BEmail , ItemNumber , IEmail , BidAmount , BidTime) values('aaa@email.com',71,'bbb@email.com',90,'10-mar-2012 05:50:00pm');
insert into Bid (BEmail , ItemNumber , IEmail , BidAmount , BidTime) values('ddd@email.com',30,'aaa@email.com',88, '03-feb-2012 6:52:21pm');
insert into Bid (BEmail , ItemNumber , IEmail , BidAmount , BidTime) values('jjj@email.com',40,'ttt@email.com',70,'05-feb-2012 04:54:00am');
insert into Bid (BEmail , ItemNumber , IEmail , BidAmount , BidTime) values('ggg@email.com',203,'ppp@email.com',130,'08-nov-2012 08:12:00pm');
insert into Bid (BEmail , ItemNumber , IEmail , BidAmount , BidTime) values('ggg@email.com',80,'ccc@email.com',140,'11-apr-2012 02:00:00am');
insert into Bid (BEmail , ItemNumber , IEmail , BidAmount , BidTime)  values('ggg@email.com',206,'ppp@email.com',150,'10-nov-2012 07:12:0 pm');

insert into ItemTransaction (ItemNumber , Email , IDNumber) values(200,'mmm@email.com',460);
insert into ItemTransaction (ItemNumber , Email , IDNumber) values(200,'mmm@email.com',461);
insert into ItemTransaction (ItemNumber , Email , IDNumber) values(200,'mmm@email.com',462);
insert into ItemTransaction (ItemNumber , Email , IDNumber) values(200,'mmm@email.com',463);
insert into ItemTransaction (ItemNumber , Email , IDNumber) values(202,'ppp@email.com',464);
insert into ItemTransaction (ItemNumber , Email , IDNumber) values(202,'ppp@email.com',465);
insert into ItemTransaction (ItemNumber , Email , IDNumber) values(202,'ppp@email.com',466);
insert into ItemTransaction (ItemNumber , Email , IDNumber) values(202,'ppp@email.com',467);
insert into ItemTransaction (ItemNumber , Email , IDNumber) values(73,'bbb@email.com',468);
insert into ItemTransaction (ItemNumber , Email , IDNumber) values(73,'bbb@email.com',469);
insert into ItemTransaction (ItemNumber , Email , IDNumber) values(73,'bbb@email.com',470);
insert into ItemTransaction (ItemNumber , Email , IDNumber) values(73,'bbb@email.com',471);
insert into ItemTransaction (ItemNumber , Email , IDNumber) values(205,'ppp@email.com',472);
insert into ItemTransaction (ItemNumber , Email , IDNumber) values(205,'ppp@email.com',473);
insert into ItemTransaction (ItemNumber , Email , IDNumber) values(206,'ppp@email.com',474);
insert into ItemTransaction (ItemNumber , Email , IDNumber) values(206,'ppp@email.com',475);
insert into ItemTransaction (ItemNumber , Email , IDNumber) values(206,'ppp@email.com',476);
insert into ItemTransaction (ItemNumber , Email , IDNumber) values(206,'ppp@email.com',477);
insert into ItemTransaction (ItemNumber , Email , IDNumber) values(13,'ggg@email.com',478);
insert into ItemTransaction (ItemNumber , Email , IDNumber) values(13,'ggg@email.com',479);
insert into ItemTransaction (ItemNumber , Email , IDNumber) values(13,'ggg@email.com',480);
insert into ItemTransaction (ItemNumber , Email , IDNumber) values(13,'ggg@email.com',481);
insert into ItemTransaction (ItemNumber , Email , IDNumber) values(203,'ppp@email.com',430);
insert into ItemTransaction (ItemNumber , Email , IDNumber) values(203,'ppp@email.com',431);
insert into ItemTransaction (ItemNumber , Email , IDNumber) values(203,'ppp@email.com',432);
insert into ItemTransaction (ItemNumber , Email , IDNumber) values(203,'ppp@email.com',433);
insert into ItemTransaction (ItemNumber , Email , IDNumber) values(90,'fff@email.com',434);
insert into ItemTransaction (ItemNumber , Email , IDNumber) values(90,'fff@email.com',435);
insert into ItemTransaction (ItemNumber , Email , IDNumber) values(90,'fff@email.com',436);
insert into ItemTransaction (ItemNumber , Email , IDNumber) values(90,'fff@email.com',437);
insert into ItemTransaction (ItemNumber , Email , IDNumber) values(50,'lll@email.com',438);
insert into ItemTransaction (ItemNumber , Email , IDNumber) values(50,'lll@email.com',439);
insert into ItemTransaction (ItemNumber , Email , IDNumber) values(50,'lll@email.com',440);
insert into ItemTransaction (ItemNumber , Email , IDNumber) values(50,'lll@email.com',441);
insert into ItemTransaction (ItemNumber , Email , IDNumber) values(80,'ccc@email.com',442);
insert into ItemTransaction (ItemNumber , Email , IDNumber) values(80,'ccc@email.com',443);
insert into ItemTransaction (ItemNumber , Email , IDNumber) values(80,'ccc@email.com',444);
insert into ItemTransaction (ItemNumber , Email , IDNumber) values(80,'ccc@email.com',445);
insert into ItemTransaction (ItemNumber , Email , IDNumber) values(11,'ggg@email.com',446);
insert into ItemTransaction (ItemNumber , Email , IDNumber) values(11,'ggg@email.com',447);
insert into ItemTransaction (ItemNumber , Email , IDNumber) values(11,'ggg@email.com',448);
insert into ItemTransaction (ItemNumber , Email , IDNumber) values(11,'ggg@email.com',449);

insert into ItemReview ( REmail, IEmail , ItemNumber, Rating)  values ('sss@email.com', 'aaa@email.com',20,3);
insert into ItemReview ( REmail, IEmail , ItemNumber, Rating)  values ('rrr@email.com','aaa@email.com',30,4);
insert into ItemReview ( REmail, IEmail , ItemNumber, Rating)  values ('www@email.com','ttt@email.com',40,5);
insert into ItemReview ( REmail, IEmail , ItemNumber, Rating)  values ('zzz@email.com','lll@email.com',50,4);
insert into ItemReview ( REmail, IEmail , ItemNumber, Rating)  values ('ooo@email.com','www@email.com',60,5);
insert into ItemReview ( REmail, IEmail , ItemNumber, Rating)  values ('ppp@email.com','bbb@email.com',71,1);
insert into ItemReview ( REmail, IEmail , ItemNumber, Rating)  values ('uuu@email.com','ccc@email.com',80,2);
insert into ItemReview ( REmail, IEmail , ItemNumber, Rating)  values ('vvv@email.com','fff@email.com',90,2);
insert into ItemReview ( REmail, IEmail , ItemNumber, Rating)  values ('xxx@email.com','ggg@email.com',11,3);
insert into ItemReview ( REmail, IEmail , ItemNumber, Rating)  values ('yyy@email.com','mmm@email.com',200,3);
insert into ItemReview ( REmail, IEmail , ItemNumber, Rating)  values ('aaa@email.com','nnn@email.com',201,4);
insert into ItemReview ( REmail, IEmail , ItemNumber, Rating)  values ('ttt@email.com','ppp@email.com',202,5);

insert into CustomerReview ( REmail, CEmail , Critique ) values ( 'aaa@email.com', 'bbb@email.com', 'poor');
insert into CustomerReview ( REmail, CEmail , Critique ) values ( 'ddd@email.com', 'bbb@email.com', 'poor');
insert into CustomerReview ( REmail, CEmail , Critique ) values ( 'ttt@email.com', 'bbb@email.com', 'poor');
insert into CustomerReview ( REmail, CEmail , Critique ) values ( 'ttt@email.com', 'iii@email.com', 'poor');
insert into CustomerReview ( REmail, CEmail , Critique ) values ( 'ijk@email.com', 'iii@email.com', 'poor');
insert into CustomerReview ( REmail, CEmail , Critique ) values ( 'aaa@email.com', 'iii@email.com', 'poor');
insert into CustomerReview ( REmail, CEmail , Critique ) values ( 'ddd@email.com', 'jjj@email.com', 'excellent');
insert into CustomerReview ( REmail, CEmail , Critique ) values ( 'fgh@email.com', 'ppp@email.com', 'poor');
insert into CustomerReview ( REmail, CEmail , Critique ) values ( 'lll@email.com', 'nnn@email.com', 'poor');
insert into CustomerReview ( REmail, CEmail , Critique ) values ( 'klm@email.com', 'mmm@email.com', 'excellent');
insert into CustomerReview ( REmail, CEmail , Critique ) values ( 'klm@email.com', 'zzz@email.com', 'fair');
insert into CustomerReview ( REmail, CEmail , Critique ) values ( 'yyy@email.com', 'ggg@email.com', 'good');

insert into MessageRating  ( ThreadID, MessageID, Rating,Email ) values (110, 310, 'dislike', 'ggg@email.com');
insert into MessageRating  ( ThreadID, MessageID, Rating,Email ) values (110, 310, 'dislike','zzz@email.com');
insert into MessageRating  ( ThreadID, MessageID, Rating ,Email) values (110, 310, 'dislike', 'nnn@email.com');
insert into MessageRating  ( ThreadID, MessageID, Rating,Email ) values (110, 310, 'dislike', 'jjj@email.com');
insert into MessageRating  ( ThreadID, MessageID, Rating ,Email) values (104, 304, 'like', 'kkk@email.com');
insert into MessageRating  ( ThreadID, MessageID, Rating,Email ) values (104, 304, 'dislike', 'sss@email.com');
insert into MessageRating  ( ThreadID, MessageID, Rating,Email ) values (104, 304, 'like', 'iii@email.com');
insert into MessageRating  ( ThreadID, MessageID, Rating ,Email) values (107, 307, 'dislike', 'fff@email.com');
insert into MessageRating  ( ThreadID, MessageID, Rating,Email ) values (108, 308, 'like', 'bbb@email.com');
insert into MessageRating  ( ThreadID, MessageID, Rating,Email ) values (109, 309, 'like','ppp@email.com');
insert into MessageRating  ( ThreadID, MessageID, Rating,Email ) values (110, 310, 'like','mmm@email.com');
insert into MessageRating  ( ThreadID, MessageID, Rating,Email ) values (112, 312, 'like','abc@email.com');
insert into MessageRating  ( ThreadID, MessageID, Rating,Email ) values (103, 303, 'dislike','aaa@email.com');

insert into Reply (OThreadID, OMessageID, RThreadID, RMessageID) values (101,301,105,305);
insert into Reply (OThreadID, OMessageID, RThreadID, RMessageID) values (101,301,106,306);
insert into Reply (OThreadID, OMessageID, RThreadID, RMessageID) values (101,301,107,307);
insert into Reply (OThreadID, OMessageID, RThreadID, RMessageID) values (101,301,108,308);
insert into Reply (OThreadID, OMessageID, RThreadID, RMessageID) values (102,302,109,309);
insert into Reply (OThreadID, OMessageID, RThreadID, RMessageID) values (103,303,112,312);
insert into Reply (OThreadID, OMessageID, RThreadID, RMessageID) values (103,303,113,313);
insert into Reply (OThreadID, OMessageID, RThreadID, RMessageID) values (103,303,114,314);
insert into Reply (OThreadID, OMessageID, RThreadID, RMessageID) values (104,304,115,315);
insert into Reply (OThreadID, OMessageID, RThreadID, RMessageID) values (104,304,116,316);
insert into Reply (OThreadID, OMessageID, RThreadID, RMessageID) values (104,304,117,317);

commit;